{
  "project": {
    "version": "1.0.0-beta.5",
    "name": "first-app"
  },
  "apps": [
    {
      "main": "src/main.ts",
      "tsconfig": "src/tsconfig.json",
      "mobile": false
    }
  ],
  "addons": [],
  "packages": [],
  "e2e": {
    "protractor": {
      "config": "config/protractor.conf.js"
    }
  },
  "test": {
    "karma": {
      "config": "config/karma.conf.js"
    }
  },
  "defaults": {
    "prefix": "app",
    "sourceDir": "src",
    "styleExt": "css",
    "prefixInterfaces": false
  }
}
